Workbook

Sheet Start Here
A1: Calisthenics Tracker
A2: Consistency + progressive overload log for the 6-day beginner plan
B4: Program start date (must be a Monday) | C4: 46300 | D4: Input: set this once. Assumed start = Mon 5 Oct 2026.
B5: Sessions per week (target) | C5: 6 | D5: Input: 6 workouts Mon-Sat. Sunday is rest + walk.
B6: Current program week (auto) | C6: =MAX(1,MIN(26,INT((TODAY()-C4)/7)+1)) -> 1 | D6: Formula, do not edit.
B8: Colour legend
B9: Yellow cell, blue text | C9: You type here
B10: Plain white, black text | C10: Formula, leave alone
B11: LEVEL UP | C11: All sets hit your target: move to the next variation
B13: How to use (60 seconds a day)
B14: 1. After each workout, open the Log sheet and add one row per exercise (date, exercise from the dropdown, reps per set).
B15: 2. Write the variation you used in 'Variation' (e.g. incline, knee, full). Reps drop when you move to a harder variation, that is normal.
B16: 3. For hold exercises (plank, hollow, hang) enter seconds. For per-side exercises enter reps for ONE side.
B17: 4. Consistency sheet fills itself: a tick appears for every day that has at least one Log row. Mark Sunday walks with Y.
B18: 5. Progress sheet shows weekly best set and total volume. Beat last week's best set, or add a set, to progress.
B19: 6. A green 'LEVEL UP' appears in the Log when 3+ sets all reach the target on the Lists sheet. Then move up the ladder.
B20: 7. Body sheet: weigh and measure once a week, same day, same time (morning, before food).
B22: Example Log row (format only, do not copy the numbers)
B23: Date | C23: Exercise | D23: Variation | E23: Set 1 | F23: Set 2 | G23: Set 3 | H23: Set 4 | I23: RPE (1-10)
B24: 46300 | C24: Push-up (any variation) | D24: Incline (table) | E24: 8 | F24: 8 | G24: 7 | H24: 6 | I24: 8
B25: RPE = how hard it felt: 10 = could not do one more rep, 8 = two reps left in the tank. Aim for 7-9.

Sheet Plan
A1: Weekly workout plan (reference)
A2: 45 min per session. 30-minute day: warm-up + first 2 main exercises + 1 core exercise. Click a link for a tutorial search.
A4: Day | B4: Focus | C4: Block | D4: Exercise | E4: Sets x reps / time | F4: Rest | G4: Tutorial
A5: Every day | B5: Corrective warm-up (8 min) | C5: Warm-up | D5: Cat-cow | E5: 10 reps | F5: - | G5: Search tutorial
A6: Every day | B6: Corrective warm-up (8 min) | C6: Warm-up | D6: Half-kneeling hip flexor stretch | E6: 45 sec / side | F6: - | G6: Search tutorial
A7: Every day | B7: Corrective warm-up (8 min) | C7: Warm-up | D7: Glute bridge | E7: 2 x 12 (2 sec squeeze) | F7: 30 sec | G7: Search tutorial
A8: Every day | B8: Corrective warm-up (8 min) | C8: Warm-up | D8: Short foot exercise | E8: 5 x 10 sec / foot | F8: - | G8: Search tutorial
A9: Every day | B9: Corrective warm-up (8 min) | C9: Warm-up | D9: 90/90 hip switches | E9: 8 / side | F9: - | G9: Search tutorial
A10: Every day | B10: Corrective warm-up (8 min) | C10: Warm-up | D10: Dead bug | E10: 2 x 8 / side | F10: 30 sec | G10: Search tutorial
A11: Monday | B11: Push + Core | C11: Main | D11: Push-up (any variation) | E11: 4 x 6-12 | F11: 90 sec | G11: Search tutorial
A12: Monday | B12: Push + Core | C12: Main | D12: Pike push-up | E12: 3 x 6-10 | F12: 90 sec | G12: Search tutorial
A13: Monday | B13: Push + Core | C13: Main | D13: Bench / chair dips | E13: 3 x 8-12 | F13: 60 sec | G13: Search tutorial
A14: Monday | B14: Push + Core | C14: Main | D14: Scapular push-up | E14: 2 x 10 | F14: 45 sec | G14: Search tutorial
A15: Monday | B15: Push + Core | C15: Core | D15: Plank (posterior tilt) | E15: 3 x 30 sec | F15: 45 sec | G15: Search tutorial
... A46: Sunday | B46: Rest + 30-40 min walk (8-10k steps) | C46: Rest | D46: Cat-cow | E46: Optional: cat-cow + hip flexor stretch | F46: - | G46: Search tutorial

Sheet Log
A1: Daily training log
A2: One row per exercise per day. Yellow cells are yours. Enter reps (or seconds) for each set you did.
A4: Date | B4: Day | C4: Exercise | D4: Variation used | E4: Unit | F4: Set 1 | G4: Set 2 | H4: Set 3 | I4: Set 4 | J4: Set 5 | K4: Total | L4: Best set | M4: Level-up? | N4: RPE (1-10) | O4: Notes
B5: =IF($A5="","",TEXT($A5,"ddd")) | E5: =IF($C5="","",IFERROR(INDEX(Lists!$B$2:$B$40,MATCH($C5,Lists!$A$2:$A$40,0)),"")) | K5: =IF(COUNT($F5:$J5)=0,"",SUM($F5:$J5)) | L5: =IF(COUNT($F5:$J5)=0,"",MAX($F5:$J5)) | M5: =IFERROR(IF(OR($C5="",COUNT($F5:$J5)<3),"",IF(N(INDEX(Lists!$C$2:$C$40,MATCH($C5,Lists!$A$2:$A$40,0)))=0,"",IF(MIN($F5:$J5)>=INDEX(Lists!$C$2:$C$40,MATCH($C5,Lists!$A$2:$A$40,0)),"LEVEL UP",""))),"")
B6: =IF($A6="","",TEXT($A6,"ddd")) | E6: =IF($C6="","",IFERROR(INDEX(Lists!$B$2:$B$40,MATCH($C6,Lists!$A$2:$A$40,0)),"")) | K6: =IF(COUNT($F6:$J6)=0,"",SUM($F6:$J6)) | L6: =IF(COUNT($F6:$J6)=0,"",MAX($F6:$J6)) | M6: =IFERROR(IF(OR($C6="",COUNT($F6:$J6)<3),"",IF(N(INDEX(Lists!$C$2:$C$40,MATCH($C6,Lists!$A$2:$A$40,0)))=0,"",IF(MIN($F6:$J6)>=INDEX(Lists!$C$2:$C$40,MATCH($C6,Lists!$A$2:$A$40,0)),"LEVEL UP",""))),"")
B7: =IF($A7="","",TEXT($A7,"ddd")) | E7: =IF($C7="","",IFERROR(INDEX(Lists!$B$2:$B$40,MATCH($C7,Lists!$A$2:$A$40,0)),"")) | K7: =IF(COUNT($F7:$J7)=0,"",SUM($F7:$J7)) | L7: =IF(COUNT($F7:$J7)=0,"",MAX($F7:$J7)) | M7: =IFERROR(IF(OR($C7="",COUNT($F7:$J7)<3),"",IF(N(INDEX(Lists!$C$2:$C$40,MATCH($C7,Lists!$A$2:$A$40,0)))=0,"",IF(MIN($F7:$J7)>=INDEX(Lists!$C$2:$C$40,MATCH($C7,Lists!$A$2:$A$40,0)),"LEVEL UP",""))),"")
B8: =IF($A8="","",TEXT($A8,"ddd")) | E8: =IF($C8="","",IFERROR(INDEX(Lists!$B$2:$B$40,MATCH($C8,Lists!$A$2:$A$40,0)),"")) | K8: =IF(COUNT($F8:$J8)=0,"",SUM($F8:$J8)) | L8: =IF(COUNT($F8:$J8)=0,"",MAX($F8:$J8)) | M8: =IFERROR(IF(OR($C8="",COUNT($F8:$J8)<3),"",IF(N(INDEX(Lists!$C$2:$C$40,MATCH($C8,Lists!$A$2:$A$40,0)))=0,"",IF(MIN($F8:$J8)>=INDEX(Lists!$C$2:$C$40,MATCH($C8,Lists!$A$2:$A$40,0)),"LEVEL UP",""))),"")
B9: =IF($A9="","",TEXT($A9,"ddd")) | E9: =IF($C9="","",IFERROR(INDEX(Lists!$B$2:$B$40,MATCH($C9,Lists!$A$2:$A$40,0)),"")) | K9: =IF(COUNT($F9:$J9)=0,"",SUM($F9:$J9)) | L9: =IF(COUNT($F9:$J9)=0,"",MAX($F9:$J9)) | M9: =IFERROR(IF(OR($C9="",COUNT($F9:$J9)<3),"",IF(N(INDEX(Lists!$C$2:$C$40,MATCH($C9,Lists!$A$2:$A$40,0)))=0,"",IF(MIN($F9:$J9)>=INDEX(Lists!$C$2:$C$40,MATCH($C9,Lists!$A$2:$A$40,0)),"LEVEL UP",""))),"")
B10: =IF($A10="","",TEXT($A10,"ddd")) | E10: =IF($C10="","",IFERROR(INDEX(Lists!$B$2:$B$40,MATCH($C10,Lists!$A$2:$A$40,0)),"")) | K10: =IF(COUNT($F10:$J10)=0,"",SUM($F10:$J10)) | L10: =IF(COUNT($F10:$J10)=0,"",MAX($F10:$J10)) | M10: =IFERROR(IF(OR($C10="",COUNT($F10:$J10)<3),"",IF(N(INDEX(Lists!$C$2:$C$40,MATCH($C10,Lists!$A$2:$A$40,0)))=0,"",IF(MIN($F10:$J10)>=INDEX(Lists!$C$2:$C$40,MATCH($C10,Lists!$A$2:$A$40,0)),"LEVEL UP",""))),"")
B11: =IF($A11="","",TEXT($A11,"ddd")) | E11: =IF($C11="","",IFERROR(INDEX(Lists!$B$2:$B$40,MATCH($C11,Lists!$A$2:$A$40,0)),"")) | K11: =IF(COUNT($F11:$J11)=0,"",SUM($F11:$J11)) | L11: =IF(COUNT($F11:$J11)=0,"",MAX($F11:$J11)) | M11: =IFERROR(IF(OR($C11="",COUNT($F11:$J11)<3),"",IF(N(INDEX(Lists!$C$2:$C$40,MATCH($C11,Lists!$A$2:$A$40,0)))=0,"",IF(MIN($F11:$J11)>=INDEX(Lists!$C$2:$C$40,MATCH($C11,Lists!$A$2:$A$40,0)),"LEVEL UP",""))),"")
B12: =IF($A12="","",TEXT($A12,"ddd")) | E12: =IF($C12="","",IFERROR(INDEX(Lists!$B$2:$B$40,MATCH($C12,Lists!$A$2:$A$40,0)),"")) | K12: =IF(COUNT($F12:$J12)=0,"",SUM($F12:$J12)) | L12: =IF(COUNT($F12:$J12)=0,"",MAX($F12:$J12)) | M12: =IFERROR(IF(OR($C12="",COUNT($F12:$J12)<3),"",IF(N(INDEX(Lists!$C$2:$C$40,MATCH($C12,Lists!$A$2:$A$40,0)))=0,"",IF(MIN($F12:$J12)>=INDEX(Lists!$C$2:$C$40,MATCH($C12,Lists!$A$2:$A$40,0)),"LEVEL UP",""))),"")
B13: =IF($A13="","",TEXT($A13,"ddd")) | E13: =IF($C13="","",IFERROR(INDEX(Lists!$B$2:$B$40,MATCH($C13,Lists!$A$2:$A$40,0)),"")) | K13: =IF(COUNT($F13:$J13)=0,"",SUM($F13:$J13)) | L13: =IF(COUNT($F13:$J13)=0,"",MAX($F13:$J13)) | M13: =IFERROR(IF(OR($C13="",COUNT($F13:$J13)<3),"",IF(N(INDEX(Lists!$C$2:$C$40,MATCH($C13,Lists!$A$2:$A$40,0)))=0,"",IF(MIN($F13:$J13)>=INDEX(Lists!$C$2:$C$40,MATCH($C13,Lists!$A$2:$A$40,0)),"LEVEL UP",""))),"")
B14: =IF($A14="","",TEXT($A14,"ddd")) | E14: =IF($C14="","",IFERROR(INDEX(Lists!$B$2:$B$40,MATCH($C14,Lists!$A$2:$A$40,0)),"")) | K14: =IF(COUNT($F14:$J14)=0,"",SUM($F14:$J14)) | L14: =IF(COUNT($F14:$J14)=0,"",MAX($F14:$J14)) | M14: =IFERROR(IF(OR($C14="",COUNT($F14:$J14)<3),"",IF(N(INDEX(Lists!$C$2:$C$40,MATCH($C14,Lists!$A$2:$A$40,0)))=0,"",IF(MIN($F14:$J14)>=INDEX(Lists!$C$2:$C$40,MATCH($C14,Lists!$A$2:$A$40,0)),"LEVEL UP",""))),"")
B15: =IF($A15="","",TEXT($A15,"ddd")) | E15: =IF($C15="","",IFERROR(INDEX(Lists!$B$2:$B$40,MATCH($C15,Lists!$A$2:$A$40,0)),"")) | K15: =IF(COUNT($F15:$J15)=0,"",SUM($F15:$J15)) | L15: =IF(COUNT($F15:$J15)=0,"",MAX($F15:$J15)) | M15: =IFERROR(IF(OR($C15="",COUNT($F15:$J15)<3),"",IF(N(INDEX(Lists!$C$2:$C$40,MATCH($C15,Lists!$A$2:$A$40,0)))=0,"",IF(MIN($F15:$J15)>=INDEX(Lists!$C$2:$C$40,MATCH($C15,Lists!$A$2:$A$40,0)),"LEVEL UP",""))),"")
B16: =IF($A16="","",TEXT($A16,"ddd")) | E16: =IF($C16="","",IFERROR(INDEX(Lists!$B$2:$B$40,MATCH($C16,Lists!$A$2:$A$40,0)),"")) | K16: =IF(COUNT($F16:$J16)=0,"",SUM($F16:$J16)) | L16: =IF(COUNT($F16:$J16)=0,"",MAX($F16:$J16)) | M16: =IFERROR(IF(OR($C16="",COUNT($F16:$J16)<3),"",IF(N(INDEX(Lists!$C$2:$C$40,MATCH($C16,Lists!$A$2:$A$40,0)))=0,"",IF(MIN($F16:$J16)>=INDEX(Lists!$C$2:$C$40,MATCH($C16,Lists!$A$2:$A$40,0)),"LEVEL UP",""))),"")
... B1504: =IF($A1504="","",TEXT($A1504,"ddd")) | E1504: =IF($C1504="","",IFERROR(INDEX(Lists!$B$2:$B$40,MATCH($C1504,Lists!$A$2:$A$40,0)),"")) | K1504: =IF(COUNT($F1504:$J1504)=0,"",SUM($F1504:$J1504)) | L1504: =IF(COUNT($F1504:$J1504)=0,"",MAX($F1504:$J1504)) | M1504: =IFERROR(IF(OR($C1504="",COUNT($F1504:$J1504)<3),"",IF(N(INDEX(Lists!$C$2:$C$40,MATCH($C1504,Lists!$A$2:$A$40,0)))=0,"",IF(MIN($F1504:$J1504)>=INDEX(Lists!$C$2:$C$40,MATCH($C1504,Lists!$A$2:$A$40,0)),"LEVEL UP",""))),"")

Sheet Consistency
A1: Consistency tracker
A2: Ticks fill in automatically from the Log. Only the Sunday walk and notes are typed by hand.
A3: Sessions done | C3: Overall adherence | E3: Weeks with 5+ sessions
A4: =SUM(J7:J32) -> 0 | C4: =IFERROR(A4/('Start Here'!$C$5*'Start Here'!$C$6),0) -> 0 | E4: =COUNTIF(J7:J32,">=5") -> 0 | G4: Adherence = sessions done / (weekly target x weeks elapsed, including the current week).
A6: Week | B6: Week of | C6: Mon | D6: Tue | E6: Wed | F6: Thu | G6: Fri | H6: Sat | I6: Sun walk (Y) | J6: Sessions | K6: Target | L6: Adherence | M6: Notes
A7: 1 | B7: ='Start Here'!$C$4+7*(A7-1) -> 46300 | C7: =IF(COUNTIF(Log!$A$5:$A$1504,$B7+0)>0,"✓","") | D7: =IF(COUNTIF(Log!$A$5:$A$1504,$B7+1)>0,"✓","") | E7: =IF(COUNTIF(Log!$A$5:$A$1504,$B7+2)>0,"✓","") | F7: =IF(COUNTIF(Log!$A$5:$A$1504,$B7+3)>0,"✓","") | G7: =IF(COUNTIF(Log!$A$5:$A$1504,$B7+4)>0,"✓","") | H7: =IF(COUNTIF(Log!$A$5:$A$1504,$B7+5)>0,"✓","") | J7: =COUNTIF(C7:H7,"✓") -> 0 | K7: ='Start Here'!$C$5 -> 6 | L7: =IF($B7>TODAY(),"",J7/K7) -> 0
A8: 2 | B8: ='Start Here'!$C$4+7*(A8-1) -> 46307 | C8: =IF(COUNTIF(Log!$A$5:$A$1504,$B8+0)>0,"✓","") | D8: =IF(COUNTIF(Log!$A$5:$A$1504,$B8+1)>0,"✓","") | E8: =IF(COUNTIF(Log!$A$5:$A$1504,$B8+2)>0,"✓","") | F8: =IF(COUNTIF(Log!$A$5:$A$1504,$B8+3)>0,"✓","") | G8: =IF(COUNTIF(Log!$A$5:$A$1504,$B8+4)>0,"✓","") | H8: =IF(COUNTIF(Log!$A$5:$A$1504,$B8+5)>0,"✓","") | J8: =COUNTIF(C8:H8,"✓") -> 0 | K8: ='Start Here'!$C$5 -> 6 | L8: =IF($B8>TODAY(),"",J8/K8)
A9: 3 | B9: ='Start Here'!$C$4+7*(A9-1) -> 46314 | C9: =IF(COUNTIF(Log!$A$5:$A$1504,$B9+0)>0,"✓","") | D9: =IF(COUNTIF(Log!$A$5:$A$1504,$B9+1)>0,"✓","") | E9: =IF(COUNTIF(Log!$A$5:$A$1504,$B9+2)>0,"✓","") | F9: =IF(COUNTIF(Log!$A$5:$A$1504,$B9+3)>0,"✓","") | G9: =IF(COUNTIF(Log!$A$5:$A$1504,$B9+4)>0,"✓","") | H9: =IF(COUNTIF(Log!$A$5:$A$1504,$B9+5)>0,"✓","") | J9: =COUNTIF(C9:H9,"✓") -> 0 | K9: ='Start Here'!$C$5 -> 6 | L9: =IF($B9>TODAY(),"",J9/K9)
A10: 4 | B10: ='Start Here'!$C$4+7*(A10-1) -> 46321 | C10: =IF(COUNTIF(Log!$A$5:$A$1504,$B10+0)>0,"✓","") | D10: =IF(COUNTIF(Log!$A$5:$A$1504,$B10+1)>0,"✓","") | E10: =IF(COUNTIF(Log!$A$5:$A$1504,$B10+2)>0,"✓","") | F10: =IF(COUNTIF(Log!$A$5:$A$1504,$B10+3)>0,"✓","") | G10: =IF(COUNTIF(Log!$A$5:$A$1504,$B10+4)>0,"✓","") | H10: =IF(COUNTIF(Log!$A$5:$A$1504,$B10+5)>0,"✓","") | J10: =COUNTIF(C10:H10,"✓") -> 0 | K10: ='Start Here'!$C$5 -> 6 | L10: =IF($B10>TODAY(),"",J10/K10)
A11: 5 | B11: ='Start Here'!$C$4+7*(A11-1) -> 46328 | C11: =IF(COUNTIF(Log!$A$5:$A$1504,$B11+0)>0,"✓","") | D11: =IF(COUNTIF(Log!$A$5:$A$1504,$B11+1)>0,"✓","") | E11: =IF(COUNTIF(Log!$A$5:$A$1504,$B11+2)>0,"✓","") | F11: =IF(COUNTIF(Log!$A$5:$A$1504,$B11+3)>0,"✓","") | G11: =IF(COUNTIF(Log!$A$5:$A$1504,$B11+4)>0,"✓","") | H11: =IF(COUNTIF(Log!$A$5:$A$1504,$B11+5)>0,"✓","") | J11: =COUNTIF(C11:H11,"✓") -> 0 | K11: ='Start Here'!$C$5 -> 6 | L11: =IF($B11>TODAY(),"",J11/K11)
A12: 6 | B12: ='Start Here'!$C$4+7*(A12-1) -> 46335 | C12: =IF(COUNTIF(Log!$A$5:$A$1504,$B12+0)>0,"✓","") | D12: =IF(COUNTIF(Log!$A$5:$A$1504,$B12+1)>0,"✓","") | E12: =IF(COUNTIF(Log!$A$5:$A$1504,$B12+2)>0,"✓","") | F12: =IF(COUNTIF(Log!$A$5:$A$1504,$B12+3)>0,"✓","") | G12: =IF(COUNTIF(Log!$A$5:$A$1504,$B12+4)>0,"✓","") | H12: =IF(COUNTIF(Log!$A$5:$A$1504,$B12+5)>0,"✓","") | J12: =COUNTIF(C12:H12,"✓") -> 0 | K12: ='Start Here'!$C$5 -> 6 | L12: =IF($B12>TODAY(),"",J12/K12)
A13: 7 | B13: ='Start Here'!$C$4+7*(A13-1) -> 46342 | C13: =IF(COUNTIF(Log!$A$5:$A$1504,$B13+0)>0,"✓","") | D13: =IF(COUNTIF(Log!$A$5:$A$1504,$B13+1)>0,"✓","") | E13: =IF(COUNTIF(Log!$A$5:$A$1504,$B13+2)>0,"✓","") | F13: =IF(COUNTIF(Log!$A$5:$A$1504,$B13+3)>0,"✓","") | G13: =IF(COUNTIF(Log!$A$5:$A$1504,$B13+4)>0,"✓","") | H13: =IF(COUNTIF(Log!$A$5:$A$1504,$B13+5)>0,"✓","") | J13: =COUNTIF(C13:H13,"✓") -> 0 | K13: ='Start Here'!$C$5 -> 6 | L13: =IF($B13>TODAY(),"",J13/K13)
A14: 8 | B14: ='Start Here'!$C$4+7*(A14-1) -> 46349 | C14: =IF(COUNTIF(Log!$A$5:$A$1504,$B14+0)>0,"✓","") | D14: =IF(COUNTIF(Log!$A$5:$A$1504,$B14+1)>0,"✓","") | E14: =IF(COUNTIF(Log!$A$5:$A$1504,$B14+2)>0,"✓","") | F14: =IF(COUNTIF(Log!$A$5:$A$1504,$B14+3)>0,"✓","") | G14: =IF(COUNTIF(Log!$A$5:$A$1504,$B14+4)>0,"✓","") | H14: =IF(COUNTIF(Log!$A$5:$A$1504,$B14+5)>0,"✓","") | J14: =COUNTIF(C14:H14,"✓") -> 0 | K14: ='Start Here'!$C$5 -> 6 | L14: =IF($B14>TODAY(),"",J14/K14)
A15: 9 | B15: ='Start Here'!$C$4+7*(A15-1) -> 46356 | C15: =IF(COUNTIF(Log!$A$5:$A$1504,$B15+0)>0,"✓","") | D15: =IF(COUNTIF(Log!$A$5:$A$1504,$B15+1)>0,"✓","") | E15: =IF(COUNTIF(Log!$A$5:$A$1504,$B15+2)>0,"✓","") | F15: =IF(COUNTIF(Log!$A$5:$A$1504,$B15+3)>0,"✓","") | G15: =IF(COUNTIF(Log!$A$5:$A$1504,$B15+4)>0,"✓","") | H15: =IF(COUNTIF(Log!$A$5:$A$1504,$B15+5)>0,"✓","") | J15: =COUNTIF(C15:H15,"✓") -> 0 | K15: ='Start Here'!$C$5 -> 6 | L15: =IF($B15>TODAY(),"",J15/K15)
A16: 10 | B16: ='Start Here'!$C$4+7*(A16-1) -> 46363 | C16: =IF(COUNTIF(Log!$A$5:$A$1504,$B16+0)>0,"✓","") | D16: =IF(COUNTIF(Log!$A$5:$A$1504,$B16+1)>0,"✓","") | E16: =IF(COUNTIF(Log!$A$5:$A$1504,$B16+2)>0,"✓","") | F16: =IF(COUNTIF(Log!$A$5:$A$1504,$B16+3)>0,"✓","") | G16: =IF(COUNTIF(Log!$A$5:$A$1504,$B16+4)>0,"✓","") | H16: =IF(COUNTIF(Log!$A$5:$A$1504,$B16+5)>0,"✓","") | J16: =COUNTIF(C16:H16,"✓") -> 0 | K16: ='Start Here'!$C$5 -> 6 | L16: =IF($B16>TODAY(),"",J16/K16)
A17: 11 | B17: ='Start Here'!$C$4+7*(A17-1) -> 46370 | C17: =IF(COUNTIF(Log!$A$5:$A$1504,$B17+0)>0,"✓","") | D17: =IF(COUNTIF(Log!$A$5:$A$1504,$B17+1)>0,"✓","") | E17: =IF(COUNTIF(Log!$A$5:$A$1504,$B17+2)>0,"✓","") | F17: =IF(COUNTIF(Log!$A$5:$A$1504,$B17+3)>0,"✓","") | G17: =IF(COUNTIF(Log!$A$5:$A$1504,$B17+4)>0,"✓","") | H17: =IF(COUNTIF(Log!$A$5:$A$1504,$B17+5)>0,"✓","") | J17: =COUNTIF(C17:H17,"✓") -> 0 | K17: ='Start Here'!$C$5 -> 6 | L17: =IF($B17>TODAY(),"",J17/K17)
A18: 12 | B18: ='Start Here'!$C$4+7*(A18-1) -> 46377 | C18: =IF(COUNTIF(Log!$A$5:$A$1504,$B18+0)>0,"✓","") | D18: =IF(COUNTIF(Log!$A$5:$A$1504,$B18+1)>0,"✓","") | E18: =IF(COUNTIF(Log!$A$5:$A$1504,$B18+2)>0,"✓","") | F18: =IF(COUNTIF(Log!$A$5:$A$1504,$B18+3)>0,"✓","") | G18: =IF(COUNTIF(Log!$A$5:$A$1504,$B18+4)>0,"✓","") | H18: =IF(COUNTIF(Log!$A$5:$A$1504,$B18+5)>0,"✓","") | J18: =COUNTIF(C18:H18,"✓") -> 0 | K18: ='Start Here'!$C$5 -> 6 | L18: =IF($B18>TODAY(),"",J18/K18)
... A32: 26 | B32: ='Start Here'!$C$4+7*(A32-1) -> 46475 | C32: =IF(COUNTIF(Log!$A$5:$A$1504,$B32+0)>0,"✓","") | D32: =IF(COUNTIF(Log!$A$5:$A$1504,$B32+1)>0,"✓","") | E32: =IF(COUNTIF(Log!$A$5:$A$1504,$B32+2)>0,"✓","") | F32: =IF(COUNTIF(Log!$A$5:$A$1504,$B32+3)>0,"✓","") | G32: =IF(COUNTIF(Log!$A$5:$A$1504,$B32+4)>0,"✓","") | H32: =IF(COUNTIF(Log!$A$5:$A$1504,$B32+5)>0,"✓","") | J32: =COUNTIF(C32:H32,"✓") -> 0 | K32: ='Start Here'!$C$5 -> 6 | L32: =IF($B32>TODAY(),"",J32/K32)

Sheet Progress
A1: Progressive overload analysis
A2: Auto-calculated from the Log. Beat last week's best set, add a set, or move to a harder variation.
A4: Exercise | B4: Unit | C4: Level-up target | D4: All-time best set | E4: This week best | F4: Last week best | G4: Change | H4: Status this week
A5: Push-up (any variation) | B5: =IFERROR(INDEX(Lists!$B$2:$B$40,MATCH($A5,Lists!$A$2:$A$40,0)),"") -> reps | C5: =IFERROR(INDEX(Lists!$C$2:$C$40,MATCH($A5,Lists!$A$2:$A$40,0)),"") -> 15 | D5: =_xlfn.MAXIFS(Log!$L$5:$L$1504,Log!$C$5:$C$1504,$A5) -> 0 | E5: =INDEX($C$34:$I$59,'Start Here'!$C$6,MATCH($A5,$C$33:$I$33,0)) -> 0 | F5: =IF('Start Here'!$C$6<=1,0,INDEX($C$34:$I$59,'Start Here'!$C$6-1,MATCH($A5,$C$33:$I$33,0))) -> 0 | G5: =IF(OR(E5=0,F5=0),"",E5-F5) | H5: =IF(COUNTIFS(Log!$C$5:$C$1504,$A5,Log!$M$5:$M$1504,"LEVEL UP",Log!$A$5:$A$1504,">="&('Start Here'!$C$4+7*('Start Here'!$C$6-1)),Log!$A$5:$A$1504,"<"&('Start Here'!$C$4+7*'Start Here'!$C$6))>0,"LEVEL UP: move to next variation",IF(E5=0,"Not logged this week","Keep building")) -> Not logged this week
A6: Squat (any variation) | B6: =IFERROR(INDEX(Lists!$B$2:$B$40,MATCH($A6,Lists!$A$2:$A$40,0)),"") -> reps | C6: =IFERROR(INDEX(Lists!$C$2:$C$40,MATCH($A6,Lists!$A$2:$A$40,0)),"") -> 15 | D6: =_xlfn.MAXIFS(Log!$L$5:$L$1504,Log!$C$5:$C$1504,$A6) -> 0 | E6: =INDEX($C$34:$I$59,'Start Here'!$C$6,MATCH($A6,$C$33:$I$33,0)) -> 0 | F6: =IF('Start Here'!$C$6<=1,0,INDEX($C$34:$I$59,'Start Here'!$C$6-1,MATCH($A6,$C$33:$I$33,0))) -> 0 | G6: =IF(OR(E6=0,F6=0),"",E6-F6) | H6: =IF(COUNTIFS(Log!$C$5:$C$1504,$A6,Log!$M$5:$M$1504,"LEVEL UP",Log!$A$5:$A$1504,">="&('Start Here'!$C$4+7*('Start Here'!$C$6-1)),Log!$A$5:$A$1504,"<"&('Start Here'!$C$4+7*'Start Here'!$C$6))>0,"LEVEL UP: move to next variation",IF(E6=0,"Not logged this week","Keep building")) -> Not logged this week
A7: Pull progression (any variation) | B7: =IFERROR(INDEX(Lists!$B$2:$B$40,MATCH($A7,Lists!$A$2:$A$40,0)),"") -> reps | C7: =IFERROR(INDEX(Lists!$C$2:$C$40,MATCH($A7,Lists!$A$2:$A$40,0)),"") -> 8 | D7: =_xlfn.MAXIFS(Log!$L$5:$L$1504,Log!$C$5:$C$1504,$A7) -> 0 | E7: =INDEX($C$34:$I$59,'Start Here'!$C$6,MATCH($A7,$C$33:$I$33,0)) -> 0 | F7: =IF('Start Here'!$C$6<=1,0,INDEX($C$34:$I$59,'Start Here'!$C$6-1,MATCH($A7,$C$33:$I$33,0))) -> 0 | G7: =IF(OR(E7=0,F7=0),"",E7-F7) | H7: =IF(COUNTIFS(Log!$C$5:$C$1504,$A7,Log!$M$5:$M$1504,"LEVEL UP",Log!$A$5:$A$1504,">="&('Start Here'!$C$4+7*('Start Here'!$C$6-1)),Log!$A$5:$A$1504,"<"&('Start Here'!$C$4+7*'Start Here'!$C$6))>0,"LEVEL UP: move to next variation",IF(E7=0,"Not logged this week","Keep building")) -> Not logged this week
A8: Inverted / table row | B8: =IFERROR(INDEX(Lists!$B$2:$B$40,MATCH($A8,Lists!$A$2:$A$40,0)),"") -> reps | C8: =IFERROR(INDEX(Lists!$C$2:$C$40,MATCH($A8,Lists!$A$2:$A$40,0)),"") -> 12 | D8: =_xlfn.MAXIFS(Log!$L$5:$L$1504,Log!$C$5:$C$1504,$A8) -> 0 | E8: =INDEX($C$34:$I$59,'Start Here'!$C$6,MATCH($A8,$C$33:$I$33,0)) -> 0 | F8: =IF('Start Here'!$C$6<=1,0,INDEX($C$34:$I$59,'Start Here'!$C$6-1,MATCH($A8,$C$33:$I$33,0))) -> 0 | G8: =IF(OR(E8=0,F8=0),"",E8-F8) | H8: =IF(COUNTIFS(Log!$C$5:$C$1504,$A8,Log!$M$5:$M$1504,"LEVEL UP",Log!$A$5:$A$1504,">="&('Start Here'!$C$4+7*('Start Here'!$C$6-1)),Log!$A$5:$A$1504,"<"&('Start Here'!$C$4+7*'Start Here'!$C$6))>0,"LEVEL UP: move to next variation",IF(E8=0,"Not logged this week","Keep building")) -> Not logged this week
A9: Plank (posterior tilt) | B9: =IFERROR(INDEX(Lists!$B$2:$B$40,MATCH($A9,Lists!$A$2:$A$40,0)),"") -> sec | C9: =IFERROR(INDEX(Lists!$C$2:$C$40,MATCH($A9,Lists!$A$2:$A$40,0)),"") -> 60 | D9: =_xlfn.MAXIFS(Log!$L$5:$L$1504,Log!$C$5:$C$1504,$A9) -> 0 | E9: =INDEX($C$34:$I$59,'Start Here'!$C$6,MATCH($A9,$C$33:$I$33,0)) -> 0 | F9: =IF('Start Here'!$C$6<=1,0,INDEX($C$34:$I$59,'Start Here'!$C$6-1,MATCH($A9,$C$33:$I$33,0))) -> 0 | G9: =IF(OR(E9=0,F9=0),"",E9-F9) | H9: =IF(COUNTIFS(Log!$C$5:$C$1504,$A9,Log!$M$5:$M$1504,"LEVEL UP",Log!$A$5:$A$1504,">="&('Start Here'!$C$4+7*('Start Here'!$C$6-1)),Log!$A$5:$A$1504,"<"&('Start Here'!$C$4+7*'Start Here'!$C$6))>0,"LEVEL UP: move to next variation",IF(E9=0,"Not logged this week","Keep building")) -> Not logged this week
A10: Hollow hold | B10: =IFERROR(INDEX(Lists!$B$2:$B$40,MATCH($A10,Lists!$A$2:$A$40,0)),"") -> sec | C10: =IFERROR(INDEX(Lists!$C$2:$C$40,MATCH($A10,Lists!$A$2:$A$40,0)),"") -> 30 | D10: =_xlfn.MAXIFS(Log!$L$5:$L$1504,Log!$C$5:$C$1504,$A10) -> 0 | E10: =INDEX($C$34:$I$59,'Start Here'!$C$6,MATCH($A10,$C$33:$I$33,0)) -> 0 | F10: =IF('Start Here'!$C$6<=1,0,INDEX($C$34:$I$59,'Start Here'!$C$6-1,MATCH($A10,$C$33:$I$33,0))) -> 0 | G10: =IF(OR(E10=0,F10=0),"",E10-F10) | H10: =IF(COUNTIFS(Log!$C$5:$C$1504,$A10,Log!$M$5:$M$1504,"LEVEL UP",Log!$A$5:$A$1504,">="&('Start Here'!$C$4+7*('Start Here'!$C$6-1)),Log!$A$5:$A$1504,"<"&('Start Here'!$C$4+7*'Start Here'!$C$6))>0,"LEVEL UP: move to next variation",IF(E10=0,"Not logged this week","Keep building")) -> Not logged this week
A11: Dead hang | B11: =IFERROR(INDEX(Lists!$B$2:$B$40,MATCH($A11,Lists!$A$2:$A$40,0)),"") -> sec | C11: =IFERROR(INDEX(Lists!$C$2:$C$40,MATCH($A11,Lists!$A$2:$A$40,0)),"") -> 40 | D11: =_xlfn.MAXIFS(Log!$L$5:$L$1504,Log!$C$5:$C$1504,$A11) -> 0 | E11: =INDEX($C$34:$I$59,'Start Here'!$C$6,MATCH($A11,$C$33:$I$33,0)) -> 0 | F11: =IF('Start Here'!$C$6<=1,0,INDEX($C$34:$I$59,'Start Here'!$C$6-1,MATCH($A11,$C$33:$I$33,0))) -> 0 | G11: =IF(OR(E11=0,F11=0),"",E11-F11) | H11: =IF(COUNTIFS(Log!$C$5:$C$1504,$A11,Log!$M$5:$M$1504,"LEVEL UP",Log!$A$5:$A$1504,">="&('Start Here'!$C$4+7*('Start Here'!$C$6-1)),Log!$A$5:$A$1504,"<"&('Start Here'!$C$4+7*'Start Here'!$C$6))>0,"LEVEL UP: move to next variation",IF(E11=0,"Not logged this week","Keep building")) -> Not logged this week
A12: Note: 'Best set' compares the same exercise name across weeks. If you move to a harder variation, expect the number to drop first, then climb again.
C32: Best single set per week (reps or seconds) | K32: Total volume per week (all sets added up)
A33: Week | B33: Week of | C33: Push-up (any variation) | D33: Squat (any variation) | E33: Pull progression (any variation) | F33: Inverted / table row | G33: Plank (posterior tilt) | H33: Hollow hold | I33: Dead hang | K33: Push-up (any variation) | L33: Squat (any variation) | M33: Pull progression (any variation) | N33: Inverted / table row | O33: Plank (posterior tilt) | P33: Hollow hold | Q33: Dead hang
A34: 1 | B34: ='Start Here'!$C$4+7*(A34-1) -> 46300 | C34: =_xlfn.MAXIFS(Log!$L$5:$L$1504,Log!$C$5:$C$1504,C$33,Log!$A$5:$A$1504,">="&$B34,Log!$A$5:$A$1504,"<"&($B34+7)) -> 0 | D34: =_xlfn.MAXIFS(Log!$L$5:$L$1504,Log!$C$5:$C$1504,D$33,Log!$A$5:$A$1504,">="&$B34,Log!$A$5:$A$1504,"<"&($B34+7)) -> 0 | E34: =_xlfn.MAXIFS(Log!$L$5:$L$1504,Log!$C$5:$C$1504,E$33,Log!$A$5:$A$1504,">="&$B34,Log!$A$5:$A$1504,"<"&($B34+7)) -> 0 | F34: =_xlfn.MAXIFS(Log!$L$5:$L$1504,Log!$C$5:$C$1504,F$33,Log!$A$5:$A$1504,">="&$B34,Log!$A$5:$A$1504,"<"&($B34+7)) -> 0 | G34: =_xlfn.MAXIFS(Log!$L$5:$L$1504,Log!$C$5:$C$1504,G$33,Log!$A$5:$A$1504,">="&$B34,Log!$A$5:$A$1504,"<"&($B34+7)) -> 0 | H34: =_xlfn.MAXIFS(Log!$L$5:$L$1504,Log!$C$5:$C$1504,H$33,Log!$A$5:$A$1504,">="&$B34,Log!$A$5:$A$1504,"<"&($B34+7)) -> 0 | I34: =_xlfn.MAXIFS(Log!$L$5:$L$1504,Log!$C$5:$C$1504,I$33,Log!$A$5:$A$1504,">="&$B34,Log!$A$5:$A$1504,"<"&($B34+7)) -> 0 | K34: =SUMIFS(Log!$K$5:$K$1504,Log!$C$5:$C$1504,K$33,Log!$A$5:$A$1504,">="&$B34,Log!$A$5:$A$1504,"<"&($B34+7)) -> 0 | L34: =SUMIFS(Log!$K$5:$K$1504,Log!$C$5:$C$1504,L$33,Log!$A$5:$A$1504,">="&$B34,Log!$A$5:$A$1504,"<"&($B34+7)) -> 0 | M34: =SUMIFS(Log!$K$5:$K$1504,Log!$C$5:$C$1504,M$33,Log!$A$5:$A$1504,">="&$B34,Log!$A$5:$A$1504,"<"&($B34+7)) -> 0 | N34: =SUMIFS(Log!$K$5:$K$1504,Log!$C$5:$C$1504,N$33,Log!$A$5:$A$1504,">="&$B34,Log!$A$5:$A$1504,"<"&($B34+7)) -> 0 | O34: =SUMIFS(Log!$K$5:$K$1504,Log!$C$5:$C$1504,O$33,Log!$A$5:$A$1504,">="&$B34,Log!$A$5:$A$1504,"<"&($B34+7)) -> 0 | P34: =SUMIFS(Log!$K$5:$K$1504,Log!$C$5:$C$1504,P$33,Log!$A$5:$A$1504,">="&$B34,Log!$A$5:$A$1504,"<"&($B34+7)) -> 0 | Q34: =SUMIFS(Log!$K$5:$K$1504,Log!$C$5:$C$1504,Q$33,Log!$A$5:$A$1504,">="&$B34,Log!$A$5:$A$1504,"<"&($B34+7)) -> 0
A35: 2 | B35: ='Start Here'!$C$4+7*(A35-1) -> 46307 | C35: =_xlfn.MAXIFS(Log!$L$5:$L$1504,Log!$C$5:$C$1504,C$33,Log!$A$5:$A$1504,">="&$B35,Log!$A$5:$A$1504,"<"&($B35+7)) -> 0 | D35: =_xlfn.MAXIFS(Log!$L$5:$L$1504,Log!$C$5:$C$1504,D$33,Log!$A$5:$A$1504,">="&$B35,Log!$A$5:$A$1504,"<"&($B35+7)) -> 0 | E35: =_xlfn.MAXIFS(Log!$L$5:$L$1504,Log!$C$5:$C$1504,E$33,Log!$A$5:$A$1504,">="&$B35,Log!$A$5:$A$1504,"<"&($B35+7)) -> 0 | F35: =_xlfn.MAXIFS(Log!$L$5:$L$1504,Log!$C$5:$C$1504,F$33,Log!$A$5:$A$1504,">="&$B35,Log!$A$5:$A$1504,"<"&($B35+7)) -> 0 | G35: =_xlfn.MAXIFS(Log!$L$5:$L$1504,Log!$C$5:$C$1504,G$33,Log!$A$5:$A$1504,">="&$B35,Log!$A$5:$A$1504,"<"&($B35+7)) -> 0 | H35: =_xlfn.MAXIFS(Log!$L$5:$L$1504,Log!$C$5:$C$1504,H$33,Log!$A$5:$A$1504,">="&$B35,Log!$A$5:$A$1504,"<"&($B35+7)) -> 0 | I35: =_xlfn.MAXIFS(Log!$L$5:$L$1504,Log!$C$5:$C$1504,I$33,Log!$A$5:$A$1504,">="&$B35,Log!$A$5:$A$1504,"<"&($B35+7)) -> 0 | K35: =SUMIFS(Log!$K$5:$K$1504,Log!$C$5:$C$1504,K$33,Log!$A$5:$A$1504,">="&$B35,Log!$A$5:$A$1504,"<"&($B35+7)) -> 0 | L35: =SUMIFS(Log!$K$5:$K$1504,Log!$C$5:$C$1504,L$33,Log!$A$5:$A$1504,">="&$B35,Log!$A$5:$A$1504,"<"&($B35+7)) -> 0 | M35: =SUMIFS(Log!$K$5:$K$1504,Log!$C$5:$C$1504,M$33,Log!$A$5:$A$1504,">="&$B35,Log!$A$5:$A$1504,"<"&($B35+7)) -> 0 | N35: =SUMIFS(Log!$K$5:$K$1504,Log!$C$5:$C$1504,N$33,Log!$A$5:$A$1504,">="&$B35,Log!$A$5:$A$1504,"<"&($B35+7)) -> 0 | O35: =SUMIFS(Log!$K$5:$K$1504,Log!$C$5:$C$1504,O$33,Log!$A$5:$A$1504,">="&$B35,Log!$A$5:$A$1504,"<"&($B35+7)) -> 0 | P35: =SUMIFS(Log!$K$5:$K$1504,Log!$C$5:$C$1504,P$33,Log!$A$5:$A$1504,">="&$B35,Log!$A$5:$A$1504,"<"&($B35+7)) -> 0 | Q35: =SUMIFS(Log!$K$5:$K$1504,Log!$C$5:$C$1504,Q$33,Log!$A$5:$A$1504,">="&$B35,Log!$A$5:$A$1504,"<"&($B35+7)) -> 0
A36: 3 | B36: ='Start Here'!$C$4+7*(A36-1) -> 46314 | C36: =_xlfn.MAXIFS(Log!$L$5:$L$1504,Log!$C$5:$C$1504,C$33,Log!$A$5:$A$1504,">="&$B36,Log!$A$5:$A$1504,"<"&($B36+7)) -> 0 | D36: =_xlfn.MAXIFS(Log!$L$5:$L$1504,Log!$C$5:$C$1504,D$33,Log!$A$5:$A$1504,">="&$B36,Log!$A$5:$A$1504,"<"&($B36+7)) -> 0 | E36: =_xlfn.MAXIFS(Log!$L$5:$L$1504,Log!$C$5:$C$1504,E$33,Log!$A$5:$A$1504,">="&$B36,Log!$A$5:$A$1504,"<"&($B36+7)) -> 0 | F36: =_xlfn.MAXIFS(Log!$L$5:$L$1504,Log!$C$5:$C$1504,F$33,Log!$A$5:$A$1504,">="&$B36,Log!$A$5:$A$1504,"<"&($B36+7)) -> 0 | G36: =_xlfn.MAXIFS(Log!$L$5:$L$1504,Log!$C$5:$C$1504,G$33,Log!$A$5:$A$1504,">="&$B36,Log!$A$5:$A$1504,"<"&($B36+7)) -> 0 | H36: =_xlfn.MAXIFS(Log!$L$5:$L$1504,Log!$C$5:$C$1504,H$33,Log!$A$5:$A$1504,">="&$B36,Log!$A$5:$A$1504,"<"&($B36+7)) -> 0 | I36: =_xlfn.MAXIFS(Log!$L$5:$L$1504,Log!$C$5:$C$1504,I$33,Log!$A$5:$A$1504,">="&$B36,Log!$A$5:$A$1504,"<"&($B36+7)) -> 0 | K36: =SUMIFS(Log!$K$5:$K$1504,Log!$C$5:$C$1504,K$33,Log!$A$5:$A$1504,">="&$B36,Log!$A$5:$A$1504,"<"&($B36+7)) -> 0 | L36: =SUMIFS(Log!$K$5:$K$1504,Log!$C$5:$C$1504,L$33,Log!$A$5:$A$1504,">="&$B36,Log!$A$5:$A$1504,"<"&($B36+7)) -> 0 | M36: =SUMIFS(Log!$K$5:$K$1504,Log!$C$5:$C$1504,M$33,Log!$A$5:$A$1504,">="&$B36,Log!$A$5:$A$1504,"<"&($B36+7)) -> 0 | N36: =SUMIFS(Log!$K$5:$K$1504,Log!$C$5:$C$1504,N$33,Log!$A$5:$A$1504,">="&$B36,Log!$A$5:$A$1504,"<"&($B36+7)) -> 0 | O36: =SUMIFS(Log!$K$5:$K$1504,Log!$C$5:$C$1504,O$33,Log!$A$5:$A$1504,">="&$B36,Log!$A$5:$A$1504,"<"&($B36+7)) -> 0 | P36: =SUMIFS(Log!$K$5:$K$1504,Log!$C$5:$C$1504,P$33,Log!$A$5:$A$1504,">="&$B36,Log!$A$5:$A$1504,"<"&($B36+7)) -> 0 | Q36: =SUMIFS(Log!$K$5:$K$1504,Log!$C$5:$C$1504,Q$33,Log!$A$5:$A$1504,">="&$B36,Log!$A$5:$A$1504,"<"&($B36+7)) -> 0
A37: 4 | B37: ='Start Here'!$C$4+7*(A37-1) -> 46321 | C37: =_xlfn.MAXIFS(Log!$L$5:$L$1504,Log!$C$5:$C$1504,C$33,Log!$A$5:$A$1504,">="&$B37,Log!$A$5:$A$1504,"<"&($B37+7)) -> 0 | D37: =_xlfn.MAXIFS(Log!$L$5:$L$1504,Log!$C$5:$C$1504,D$33,Log!$A$5:$A$1504,">="&$B37,Log!$A$5:$A$1504,"<"&($B37+7)) -> 0 | E37: =_xlfn.MAXIFS(Log!$L$5:$L$1504,Log!$C$5:$C$1504,E$33,Log!$A$5:$A$1504,">="&$B37,Log!$A$5:$A$1504,"<"&($B37+7)) -> 0 | F37: =_xlfn.MAXIFS(Log!$L$5:$L$1504,Log!$C$5:$C$1504,F$33,Log!$A$5:$A$1504,">="&$B37,Log!$A$5:$A$1504,"<"&($B37+7)) -> 0 | G37: =_xlfn.MAXIFS(Log!$L$5:$L$1504,Log!$C$5:$C$1504,G$33,Log!$A$5:$A$1504,">="&$B37,Log!$A$5:$A$1504,"<"&($B37+7)) -> 0 | H37: =_xlfn.MAXIFS(Log!$L$5:$L$1504,Log!$C$5:$C$1504,H$33,Log!$A$5:$A$1504,">="&$B37,Log!$A$5:$A$1504,"<"&($B37+7)) -> 0 | I37: =_xlfn.MAXIFS(Log!$L$5:$L$1504,Log!$C$5:$C$1504,I$33,Log!$A$5:$A$1504,">="&$B37,Log!$A$5:$A$1504,"<"&($B37+7)) -> 0 | K37: =SUMIFS(Log!$K$5:$K$1504,Log!$C$5:$C$1504,K$33,Log!$A$5:$A$1504,">="&$B37,Log!$A$5:$A$1504,"<"&($B37+7)) -> 0 | L37: =SUMIFS(Log!$K$5:$K$1504,Log!$C$5:$C$1504,L$33,Log!$A$5:$A$1504,">="&$B37,Log!$A$5:$A$1504,"<"&($B37+7)) -> 0 | M37: =SUMIFS(Log!$K$5:$K$1504,Log!$C$5:$C$1504,M$33,Log!$A$5:$A$1504,">="&$B37,Log!$A$5:$A$1504,"<"&($B37+7)) -> 0 | N37: =SUMIFS(Log!$K$5:$K$1504,Log!$C$5:$C$1504,N$33,Log!$A$5:$A$1504,">="&$B37,Log!$A$5:$A$1504,"<"&($B37+7)) -> 0 | O37: =SUMIFS(Log!$K$5:$K$1504,Log!$C$5:$C$1504,O$33,Log!$A$5:$A$1504,">="&$B37,Log!$A$5:$A$1504,"<"&($B37+7)) -> 0 | P37: =SUMIFS(Log!$K$5:$K$1504,Log!$C$5:$C$1504,P$33,Log!$A$5:$A$1504,">="&$B37,Log!$A$5:$A$1504,"<"&($B37+7)) -> 0 | Q37: =SUMIFS(Log!$K$5:$K$1504,Log!$C$5:$C$1504,Q$33,Log!$A$5:$A$1504,">="&$B37,Log!$A$5:$A$1504,"<"&($B37+7)) -> 0
A38: 5 | B38: ='Start Here'!$C$4+7*(A38-1) -> 46328 | C38: =_xlfn.MAXIFS(Log!$L$5:$L$1504,Log!$C$5:$C$1504,C$33,Log!$A$5:$A$1504,">="&$B38,Log!$A$5:$A$1504,"<"&($B38+7)) -> 0 | D38: =_xlfn.MAXIFS(Log!$L$5:$L$1504,Log!$C$5:$C$1504,D$33,Log!$A$5:$A$1504,">="&$B38,Log!$A$5:$A$1504,"<"&($B38+7)) -> 0 | E38: =_xlfn.MAXIFS(Log!$L$5:$L$1504,Log!$C$5:$C$1504,E$33,Log!$A$5:$A$1504,">="&$B38,Log!$A$5:$A$1504,"<"&($B38+7)) -> 0 | F38: =_xlfn.MAXIFS(Log!$L$5:$L$1504,Log!$C$5:$C$1504,F$33,Log!$A$5:$A$1504,">="&$B38,Log!$A$5:$A$1504,"<"&($B38+7)) -> 0 | G38: =_xlfn.MAXIFS(Log!$L$5:$L$1504,Log!$C$5:$C$1504,G$33,Log!$A$5:$A$1504,">="&$B38,Log!$A$5:$A$1504,"<"&($B38+7)) -> 0 | H38: =_xlfn.MAXIFS(Log!$L$5:$L$1504,Log!$C$5:$C$1504,H$33,Log!$A$5:$A$1504,">="&$B38,Log!$A$5:$A$1504,"<"&($B38+7)) -> 0 | I38: =_xlfn.MAXIFS(Log!$L$5:$L$1504,Log!$C$5:$C$1504,I$33,Log!$A$5:$A$1504,">="&$B38,Log!$A$5:$A$1504,"<"&($B38+7)) -> 0 | K38: =SUMIFS(Log!$K$5:$K$1504,Log!$C$5:$C$1504,K$33,Log!$A$5:$A$1504,">="&$B38,Log!$A$5:$A$1504,"<"&($B38+7)) -> 0 | L38: =SUMIFS(Log!$K$5:$K$1504,Log!$C$5:$C$1504,L$33,Log!$A$5:$A$1504,">="&$B38,Log!$A$5:$A$1504,"<"&($B38+7)) -> 0 | M38: =SUMIFS(Log!$K$5:$K$1504,Log!$C$5:$C$1504,M$33,Log!$A$5:$A$1504,">="&$B38,Log!$A$5:$A$1504,"<"&($B38+7)) -> 0 | N38: =SUMIFS(Log!$K$5:$K$1504,Log!$C$5:$C$1504,N$33,Log!$A$5:$A$1504,">="&$B38,Log!$A$5:$A$1504,"<"&($B38+7)) -> 0 | O38: =SUMIFS(Log!$K$5:$K$1504,Log!$C$5:$C$1504,O$33,Log!$A$5:$A$1504,">="&$B38,Log!$A$5:$A$1504,"<"&($B38+7)) -> 0 | P38: =SUMIFS(Log!$K$5:$K$1504,Log!$C$5:$C$1504,P$33,Log!$A$5:$A$1504,">="&$B38,Log!$A$5:$A$1504,"<"&($B38+7)) -> 0 | Q38: =SUMIFS(Log!$K$5:$K$1504,Log!$C$5:$C$1504,Q$33,Log!$A$5:$A$1504,">="&$B38,Log!$A$5:$A$1504,"<"&($B38+7)) -> 0
A39: 6 | B39: ='Start Here'!$C$4+7*(A39-1) -> 46335 | C39: =_xlfn.MAXIFS(Log!$L$5:$L$1504,Log!$C$5:$C$1504,C$33,Log!$A$5:$A$1504,">="&$B39,Log!$A$5:$A$1504,"<"&($B39+7)) -> 0 | D39: =_xlfn.MAXIFS(Log!$L$5:$L$1504,Log!$C$5:$C$1504,D$33,Log!$A$5:$A$1504,">="&$B39,Log!$A$5:$A$1504,"<"&($B39+7)) -> 0 | E39: =_xlfn.MAXIFS(Log!$L$5:$L$1504,Log!$C$5:$C$1504,E$33,Log!$A$5:$A$1504,">="&$B39,Log!$A$5:$A$1504,"<"&($B39+7)) -> 0 | F39: =_xlfn.MAXIFS(Log!$L$5:$L$1504,Log!$C$5:$C$1504,F$33,Log!$A$5:$A$1504,">="&$B39,Log!$A$5:$A$1504,"<"&($B39+7)) -> 0 | G39: =_xlfn.MAXIFS(Log!$L$5:$L$1504,Log!$C$5:$C$1504,G$33,Log!$A$5:$A$1504,">="&$B39,Log!$A$5:$A$1504,"<"&($B39+7)) -> 0 | H39: =_xlfn.MAXIFS(Log!$L$5:$L$1504,Log!$C$5:$C$1504,H$33,Log!$A$5:$A$1504,">="&$B39,Log!$A$5:$A$1504,"<"&($B39+7)) -> 0 | I39: =_xlfn.MAXIFS(Log!$L$5:$L$1504,Log!$C$5:$C$1504,I$33,Log!$A$5:$A$1504,">="&$B39,Log!$A$5:$A$1504,"<"&($B39+7)) -> 0 | K39: =SUMIFS(Log!$K$5:$K$1504,Log!$C$5:$C$1504,K$33,Log!$A$5:$A$1504,">="&$B39,Log!$A$5:$A$1504,"<"&($B39+7)) -> 0 | L39: =SUMIFS(Log!$K$5:$K$1504,Log!$C$5:$C$1504,L$33,Log!$A$5:$A$1504,">="&$B39,Log!$A$5:$A$1504,"<"&($B39+7)) -> 0 | M39: =SUMIFS(Log!$K$5:$K$1504,Log!$C$5:$C$1504,M$33,Log!$A$5:$A$1504,">="&$B39,Log!$A$5:$A$1504,"<"&($B39+7)) -> 0 | N39: =SUMIFS(Log!$K$5:$K$1504,Log!$C$5:$C$1504,N$33,Log!$A$5:$A$1504,">="&$B39,Log!$A$5:$A$1504,"<"&($B39+7)) -> 0 | O39: =SUMIFS(Log!$K$5:$K$1504,Log!$C$5:$C$1504,O$33,Log!$A$5:$A$1504,">="&$B39,Log!$A$5:$A$1504,"<"&($B39+7)) -> 0 | P39: =SUMIFS(Log!$K$5:$K$1504,Log!$C$5:$C$1504,P$33,Log!$A$5:$A$1504,">="&$B39,Log!$A$5:$A$1504,"<"&($B39+7)) -> 0 | Q39: =SUMIFS(Log!$K$5:$K$1504,Log!$C$5:$C$1504,Q$33,Log!$A$5:$A$1504,">="&$B39,Log!$A$5:$A$1504,"<"&($B39+7)) -> 0
A40: 7 | B40: ='Start Here'!$C$4+7*(A40-1) -> 46342 | C40: =_xlfn.MAXIFS(Log!$L$5:$L$1504,Log!$C$5:$C$1504,C$33,Log!$A$5:$A$1504,">="&$B40,Log!$A$5:$A$1504,"<"&($B40+7)) -> 0 | D40: =_xlfn.MAXIFS(Log!$L$5:$L$1504,Log!$C$5:$C$1504,D$33,Log!$A$5:$A$1504,">="&$B40,Log!$A$5:$A$1504,"<"&($B40+7)) -> 0 | E40: =_xlfn.MAXIFS(Log!$L$5:$L$1504,Log!$C$5:$C$1504,E$33,Log!$A$5:$A$1504,">="&$B40,Log!$A$5:$A$1504,"<"&($B40+7)) -> 0 | F40: =_xlfn.MAXIFS(Log!$L$5:$L$1504,Log!$C$5:$C$1504,F$33,Log!$A$5:$A$1504,">="&$B40,Log!$A$5:$A$1504,"<"&($B40+7)) -> 0 | G40: =_xlfn.MAXIFS(Log!$L$5:$L$1504,Log!$C$5:$C$1504,G$33,Log!$A$5:$A$1504,">="&$B40,Log!$A$5:$A$1504,"<"&($B40+7)) -> 0 | H40: =_xlfn.MAXIFS(Log!$L$5:$L$1504,Log!$C$5:$C$1504,H$33,Log!$A$5:$A$1504,">="&$B40,Log!$A$5:$A$1504,"<"&($B40+7)) -> 0 | I40: =_xlfn.MAXIFS(Log!$L$5:$L$1504,Log!$C$5:$C$1504,I$33,Log!$A$5:$A$1504,">="&$B40,Log!$A$5:$A$1504,"<"&($B40+7)) -> 0 | K40: =SUMIFS(Log!$K$5:$K$1504,Log!$C$5:$C$1504,K$33,Log!$A$5:$A$1504,">="&$B40,Log!$A$5:$A$1504,"<"&($B40+7)) -> 0 | L40: =SUMIFS(Log!$K$5:$K$1504,Log!$C$5:$C$1504,L$33,Log!$A$5:$A$1504,">="&$B40,Log!$A$5:$A$1504,"<"&($B40+7)) -> 0 | M40: =SUMIFS(Log!$K$5:$K$1504,Log!$C$5:$C$1504,M$33,Log!$A$5:$A$1504,">="&$B40,Log!$A$5:$A$1504,"<"&($B40+7)) -> 0 | N40: =SUMIFS(Log!$K$5:$K$1504,Log!$C$5:$C$1504,N$33,Log!$A$5:$A$1504,">="&$B40,Log!$A$5:$A$1504,"<"&($B40+7)) -> 0 | O40: =SUMIFS(Log!$K$5:$K$1504,Log!$C$5:$C$1504,O$33,Log!$A$5:$A$1504,">="&$B40,Log!$A$5:$A$1504,"<"&($B40+7)) -> 0 | P40: =SUMIFS(Log!$K$5:$K$1504,Log!$C$5:$C$1504,P$33,Log!$A$5:$A$1504,">="&$B40,Log!$A$5:$A$1504,"<"&($B40+7)) -> 0 | Q40: =SUMIFS(Log!$K$5:$K$1504,Log!$C$5:$C$1504,Q$33,Log!$A$5:$A$1504,">="&$B40,Log!$A$5:$A$1504,"<"&($B40+7)) -> 0
A41: 8 | B41: ='Start Here'!$C$4+7*(A41-1) -> 46349 | C41: =_xlfn.MAXIFS(Log!$L$5:$L$1504,Log!$C$5:$C$1504,C$33,Log!$A$5:$A$1504,">="&$B41,Log!$A$5:$A$1504,"<"&($B41+7)) -> 0 | D41: =_xlfn.MAXIFS(Log!$L$5:$L$1504,Log!$C$5:$C$1504,D$33,Log!$A$5:$A$1504,">="&$B41,Log!$A$5:$A$1504,"<"&($B41+7)) -> 0 | E41: =_xlfn.MAXIFS(Log!$L$5:$L$1504,Log!$C$5:$C$1504,E$33,Log!$A$5:$A$1504,">="&$B41,Log!$A$5:$A$1504,"<"&($B41+7)) -> 0 | F41: =_xlfn.MAXIFS(Log!$L$5:$L$1504,Log!$C$5:$C$1504,F$33,Log!$A$5:$A$1504,">="&$B41,Log!$A$5:$A$1504,"<"&($B41+7)) -> 0 | G41: =_xlfn.MAXIFS(Log!$L$5:$L$1504,Log!$C$5:$C$1504,G$33,Log!$A$5:$A$1504,">="&$B41,Log!$A$5:$A$1504,"<"&($B41+7)) -> 0 | H41: =_xlfn.MAXIFS(Log!$L$5:$L$1504,Log!$C$5:$C$1504,H$33,Log!$A$5:$A$1504,">="&$B41,Log!$A$5:$A$1504,"<"&($B41+7)) -> 0 | I41: =_xlfn.MAXIFS(Log!$L$5:$L$1504,Log!$C$5:$C$1504,I$33,Log!$A$5:$A$1504,">="&$B41,Log!$A$5:$A$1504,"<"&($B41+7)) -> 0 | K41: =SUMIFS(Log!$K$5:$K$1504,Log!$C$5:$C$1504,K$33,Log!$A$5:$A$1504,">="&$B41,Log!$A$5:$A$1504,"<"&($B41+7)) -> 0 | L41: =SUMIFS(Log!$K$5:$K$1504,Log!$C$5:$C$1504,L$33,Log!$A$5:$A$1504,">="&$B41,Log!$A$5:$A$1504,"<"&($B41+7)) -> 0 | M41: =SUMIFS(Log!$K$5:$K$1504,Log!$C$5:$C$1504,M$33,Log!$A$5:$A$1504,">="&$B41,Log!$A$5:$A$1504,"<"&($B41+7)) -> 0 | N41: =SUMIFS(Log!$K$5:$K$1504,Log!$C$5:$C$1504,N$33,Log!$A$5:$A$1504,">="&$B41,Log!$A$5:$A$1504,"<"&($B41+7)) -> 0 | O41: =SUMIFS(Log!$K$5:$K$1504,Log!$C$5:$C$1504,O$33,Log!$A$5:$A$1504,">="&$B41,Log!$A$5:$A$1504,"<"&($B41+7)) -> 0 | P41: =SUMIFS(Log!$K$5:$K$1504,Log!$C$5:$C$1504,P$33,Log!$A$5:$A$1504,">="&$B41,Log!$A$5:$A$1504,"<"&($B41+7)) -> 0 | Q41: =SUMIFS(Log!$K$5:$K$1504,Log!$C$5:$C$1504,Q$33,Log!$A$5:$A$1504,">="&$B41,Log!$A$5:$A$1504,"<"&($B41+7)) -> 0
A42: 9 | B42: ='Start Here'!$C$4+7*(A42-1) -> 46356 | C42: =_xlfn.MAXIFS(Log!$L$5:$L$1504,Log!$C$5:$C$1504,C$33,Log!$A$5:$A$1504,">="&$B42,Log!$A$5:$A$1504,"<"&($B42+7)) -> 0 | D42: =_xlfn.MAXIFS(Log!$L$5:$L$1504,Log!$C$5:$C$1504,D$33,Log!$A$5:$A$1504,">="&$B42,Log!$A$5:$A$1504,"<"&($B42+7)) -> 0 | E42: =_xlfn.MAXIFS(Log!$L$5:$L$1504,Log!$C$5:$C$1504,E$33,Log!$A$5:$A$1504,">="&$B42,Log!$A$5:$A$1504,"<"&($B42+7)) -> 0 | F42: =_xlfn.MAXIFS(Log!$L$5:$L$1504,Log!$C$5:$C$1504,F$33,Log!$A$5:$A$1504,">="&$B42,Log!$A$5:$A$1504,"<"&($B42+7)) -> 0 | G42: =_xlfn.MAXIFS(Log!$L$5:$L$1504,Log!$C$5:$C$1504,G$33,Log!$A$5:$A$1504,">="&$B42,Log!$A$5:$A$1504,"<"&($B42+7)) -> 0 | H42: =_xlfn.MAXIFS(Log!$L$5:$L$1504,Log!$C$5:$C$1504,H$33,Log!$A$5:$A$1504,">="&$B42,Log!$A$5:$A$1504,"<"&($B42+7)) -> 0 | I42: =_xlfn.MAXIFS(Log!$L$5:$L$1504,Log!$C$5:$C$1504,I$33,Log!$A$5:$A$1504,">="&$B42,Log!$A$5:$A$1504,"<"&($B42+7)) -> 0 | K42: =SUMIFS(Log!$K$5:$K$1504,Log!$C$5:$C$1504,K$33,Log!$A$5:$A$1504,">="&$B42,Log!$A$5:$A$1504,"<"&($B42+7)) -> 0 | L42: =SUMIFS(Log!$K$5:$K$1504,Log!$C$5:$C$1504,L$33,Log!$A$5:$A$1504,">="&$B42,Log!$A$5:$A$1504,"<"&($B42+7)) -> 0 | M42: =SUMIFS(Log!$K$5:$K$1504,Log!$C$5:$C$1504,M$33,Log!$A$5:$A$1504,">="&$B42,Log!$A$5:$A$1504,"<"&($B42+7)) -> 0 | N42: =SUMIFS(Log!$K$5:$K$1504,Log!$C$5:$C$1504,N$33,Log!$A$5:$A$1504,">="&$B42,Log!$A$5:$A$1504,"<"&($B42+7)) -> 0 | O42: =SUMIFS(Log!$K$5:$K$1504,Log!$C$5:$C$1504,O$33,Log!$A$5:$A$1504,">="&$B42,Log!$A$5:$A$1504,"<"&($B42+7)) -> 0 | P42: =SUMIFS(Log!$K$5:$K$1504,Log!$C$5:$C$1504,P$33,Log!$A$5:$A$1504,">="&$B42,Log!$A$5:$A$1504,"<"&($B42+7)) -> 0 | Q42: =SUMIFS(Log!$K$5:$K$1504,Log!$C$5:$C$1504,Q$33,Log!$A$5:$A$1504,">="&$B42,Log!$A$5:$A$1504,"<"&($B42+7)) -> 0
A43: 10 | B43: ='Start Here'!$C$4+7*(A43-1) -> 46363 | C43: =_xlfn.MAXIFS(Log!$L$5:$L$1504,Log!$C$5:$C$1504,C$33,Log!$A$5:$A$1504,">="&$B43,Log!$A$5:$A$1504,"<"&($B43+7)) -> 0 | D43: =_xlfn.MAXIFS(Log!$L$5:$L$1504,Log!$C$5:$C$1504,D$33,Log!$A$5:$A$1504,">="&$B43,Log!$A$5:$A$1504,"<"&($B43+7)) -> 0 | E43: =_xlfn.MAXIFS(Log!$L$5:$L$1504,Log!$C$5:$C$1504,E$33,Log!$A$5:$A$1504,">="&$B43,Log!$A$5:$A$1504,"<"&($B43+7)) -> 0 | F43: =_xlfn.MAXIFS(Log!$L$5:$L$1504,Log!$C$5:$C$1504,F$33,Log!$A$5:$A$1504,">="&$B43,Log!$A$5:$A$1504,"<"&($B43+7)) -> 0 | G43: =_xlfn.MAXIFS(Log!$L$5:$L$1504,Log!$C$5:$C$1504,G$33,Log!$A$5:$A$1504,">="&$B43,Log!$A$5:$A$1504,"<"&($B43+7)) -> 0 | H43: =_xlfn.MAXIFS(Log!$L$5:$L$1504,Log!$C$5:$C$1504,H$33,Log!$A$5:$A$1504,">="&$B43,Log!$A$5:$A$1504,"<"&($B43+7)) -> 0 | I43: =_xlfn.MAXIFS(Log!$L$5:$L$1504,Log!$C$5:$C$1504,I$33,Log!$A$5:$A$1504,">="&$B43,Log!$A$5:$A$1504,"<"&($B43+7)) -> 0 | K43: =SUMIFS(Log!$K$5:$K$1504,Log!$C$5:$C$1504,K$33,Log!$A$5:$A$1504,">="&$B43,Log!$A$5:$A$1504,"<"&($B43+7)) -> 0 | L43: =SUMIFS(Log!$K$5:$K$1504,Log!$C$5:$C$1504,L$33,Log!$A$5:$A$1504,">="&$B43,Log!$A$5:$A$1504,"<"&($B43+7)) -> 0 | M43: =SUMIFS(Log!$K$5:$K$1504,Log!$C$5:$C$1504,M$33,Log!$A$5:$A$1504,">="&$B43,Log!$A$5:$A$1504,"<"&($B43+7)) -> 0 | N43: =SUMIFS(Log!$K$5:$K$1504,Log!$C$5:$C$1504,N$33,Log!$A$5:$A$1504,">="&$B43,Log!$A$5:$A$1504,"<"&($B43+7)) -> 0 | O43: =SUMIFS(Log!$K$5:$K$1504,Log!$C$5:$C$1504,O$33,Log!$A$5:$A$1504,">="&$B43,Log!$A$5:$A$1504,"<"&($B43+7)) -> 0 | P43: =SUMIFS(Log!$K$5:$K$1504,Log!$C$5:$C$1504,P$33,Log!$A$5:$A$1504,">="&$B43,Log!$A$5:$A$1504,"<"&($B43+7)) -> 0 | Q43: =SUMIFS(Log!$K$5:$K$1504,Log!$C$5:$C$1504,Q$33,Log!$A$5:$A$1504,">="&$B43,Log!$A$5:$A$1504,"<"&($B43+7)) -> 0
A44: 11 | B44: ='Start Here'!$C$4+7*(A44-1) -> 46370 | C44: =_xlfn.MAXIFS(Log!$L$5:$L$1504,Log!$C$5:$C$1504,C$33,Log!$A$5:$A$1504,">="&$B44,Log!$A$5:$A$1504,"<"&($B44+7)) -> 0 | D44: =_xlfn.MAXIFS(Log!$L$5:$L$1504,Log!$C$5:$C$1504,D$33,Log!$A$5:$A$1504,">="&$B44,Log!$A$5:$A$1504,"<"&($B44+7)) -> 0 | E44: =_xlfn.MAXIFS(Log!$L$5:$L$1504,Log!$C$5:$C$1504,E$33,Log!$A$5:$A$1504,">="&$B44,Log!$A$5:$A$1504,"<"&($B44+7)) -> 0 | F44: =_xlfn.MAXIFS(Log!$L$5:$L$1504,Log!$C$5:$C$1504,F$33,Log!$A$5:$A$1504,">="&$B44,Log!$A$5:$A$1504,"<"&($B44+7)) -> 0 | G44: =_xlfn.MAXIFS(Log!$L$5:$L$1504,Log!$C$5:$C$1504,G$33,Log!$A$5:$A$1504,">="&$B44,Log!$A$5:$A$1504,"<"&($B44+7)) -> 0 | H44: =_xlfn.MAXIFS(Log!$L$5:$L$1504,Log!$C$5:$C$1504,H$33,Log!$A$5:$A$1504,">="&$B44,Log!$A$5:$A$1504,"<"&($B44+7)) -> 0 | I44: =_xlfn.MAXIFS(Log!$L$5:$L$1504,Log!$C$5:$C$1504,I$33,Log!$A$5:$A$1504,">="&$B44,Log!$A$5:$A$1504,"<"&($B44+7)) -> 0 | K44: =SUMIFS(Log!$K$5:$K$1504,Log!$C$5:$C$1504,K$33,Log!$A$5:$A$1504,">="&$B44,Log!$A$5:$A$1504,"<"&($B44+7)) -> 0 | L44: =SUMIFS(Log!$K$5:$K$1504,Log!$C$5:$C$1504,L$33,Log!$A$5:$A$1504,">="&$B44,Log!$A$5:$A$1504,"<"&($B44+7)) -> 0 | M44: =SUMIFS(Log!$K$5:$K$1504,Log!$C$5:$C$1504,M$33,Log!$A$5:$A$1504,">="&$B44,Log!$A$5:$A$1504,"<"&($B44+7)) -> 0 | N44: =SUMIFS(Log!$K$5:$K$1504,Log!$C$5:$C$1504,N$33,Log!$A$5:$A$1504,">="&$B44,Log!$A$5:$A$1504,"<"&($B44+7)) -> 0 | O44: =SUMIFS(Log!$K$5:$K$1504,Log!$C$5:$C$1504,O$33,Log!$A$5:$A$1504,">="&$B44,Log!$A$5:$A$1504,"<"&($B44+7)) -> 0 | P44: =SUMIFS(Log!$K$5:$K$1504,Log!$C$5:$C$1504,P$33,Log!$A$5:$A$1504,">="&$B44,Log!$A$5:$A$1504,"<"&($B44+7)) -> 0 | Q44: =SUMIFS(Log!$K$5:$K$1504,Log!$C$5:$C$1504,Q$33,Log!$A$5:$A$1504,">="&$B44,Log!$A$5:$A$1504,"<"&($B44+7)) -> 0
A45: 12 | B45: ='Start Here'!$C$4+7*(A45-1) -> 46377 | C45: =_xlfn.MAXIFS(Log!$L$5:$L$1504,Log!$C$5:$C$1504,C$33,Log!$A$5:$A$1504,">="&$B45,Log!$A$5:$A$1504,"<"&($B45+7)) -> 0 | D45: =_xlfn.MAXIFS(Log!$L$5:$L$1504,Log!$C$5:$C$1504,D$33,Log!$A$5:$A$1504,">="&$B45,Log!$A$5:$A$1504,"<"&($B45+7)) -> 0 | E45: =_xlfn.MAXIFS(Log!$L$5:$L$1504,Log!$C$5:$C$1504,E$33,Log!$A$5:$A$1504,">="&$B45,Log!$A$5:$A$1504,"<"&($B45+7)) -> 0 | F45: =_xlfn.MAXIFS(Log!$L$5:$L$1504,Log!$C$5:$C$1504,F$33,Log!$A$5:$A$1504,">="&$B45,Log!$A$5:$A$1504,"<"&($B45+7)) -> 0 | G45: =_xlfn.MAXIFS(Log!$L$5:$L$1504,Log!$C$5:$C$1504,G$33,Log!$A$5:$A$1504,">="&$B45,Log!$A$5:$A$1504,"<"&($B45+7)) -> 0 | H45: =_xlfn.MAXIFS(Log!$L$5:$L$1504,Log!$C$5:$C$1504,H$33,Log!$A$5:$A$1504,">="&$B45,Log!$A$5:$A$1504,"<"&($B45+7)) -> 0 | I45: =_xlfn.MAXIFS(Log!$L$5:$L$1504,Log!$C$5:$C$1504,I$33,Log!$A$5:$A$1504,">="&$B45,Log!$A$5:$A$1504,"<"&($B45+7)) -> 0 | K45: =SUMIFS(Log!$K$5:$K$1504,Log!$C$5:$C$1504,K$33,Log!$A$5:$A$1504,">="&$B45,Log!$A$5:$A$1504,"<"&($B45+7)) -> 0 | L45: =SUMIFS(Log!$K$5:$K$1504,Log!$C$5:$C$1504,L$33,Log!$A$5:$A$1504,">="&$B45,Log!$A$5:$A$1504,"<"&($B45+7)) -> 0 | M45: =SUMIFS(Log!$K$5:$K$1504,Log!$C$5:$C$1504,M$33,Log!$A$5:$A$1504,">="&$B45,Log!$A$5:$A$1504,"<"&($B45+7)) -> 0 | N45: =SUMIFS(Log!$K$5:$K$1504,Log!$C$5:$C$1504,N$33,Log!$A$5:$A$1504,">="&$B45,Log!$A$5:$A$1504,"<"&($B45+7)) -> 0 | O45: =SUMIFS(Log!$K$5:$K$1504,Log!$C$5:$C$1504,O$33,Log!$A$5:$A$1504,">="&$B45,Log!$A$5:$A$1504,"<"&($B45+7)) -> 0 | P45: =SUMIFS(Log!$K$5:$K$1504,Log!$C$5:$C$1504,P$33,Log!$A$5:$A$1504,">="&$B45,Log!$A$5:$A$1504,"<"&($B45+7)) -> 0 | Q45: =SUMIFS(Log!$K$5:$K$1504,Log!$C$5:$C$1504,Q$33,Log!$A$5:$A$1504,">="&$B45,Log!$A$5:$A$1504,"<"&($B45+7)) -> 0
... A59: 26 | B59: ='Start Here'!$C$4+7*(A59-1) -> 46475 | C59: =_xlfn.MAXIFS(Log!$L$5:$L$1504,Log!$C$5:$C$1504,C$33,Log!$A$5:$A$1504,">="&$B59,Log!$A$5:$A$1504,"<"&($B59+7)) -> 0 | D59: =_xlfn.MAXIFS(Log!$L$5:$L$1504,Log!$C$5:$C$1504,D$33,Log!$A$5:$A$1504,">="&$B59,Log!$A$5:$A$1504,"<"&($B59+7)) -> 0 | E59: =_xlfn.MAXIFS(Log!$L$5:$L$1504,Log!$C$5:$C$1504,E$33,Log!$A$5:$A$1504,">="&$B59,Log!$A$5:$A$1504,"<"&($B59+7)) -> 0 | F59: =_xlfn.MAXIFS(Log!$L$5:$L$1504,Log!$C$5:$C$1504,F$33,Log!$A$5:$A$1504,">="&$B59,Log!$A$5:$A$1504,"<"&($B59+7)) -> 0 | G59: =_xlfn.MAXIFS(Log!$L$5:$L$1504,Log!$C$5:$C$1504,G$33,Log!$A$5:$A$1504,">="&$B59,Log!$A$5:$A$1504,"<"&($B59+7)) -> 0 | H59: =_xlfn.MAXIFS(Log!$L$5:$L$1504,Log!$C$5:$C$1504,H$33,Log!$A$5:$A$1504,">="&$B59,Log!$A$5:$A$1504,"<"&($B59+7)) -> 0 | I59: =_xlfn.MAXIFS(Log!$L$5:$L$1504,Log!$C$5:$C$1504,I$33,Log!$A$5:$A$1504,">="&$B59,Log!$A$5:$A$1504,"<"&($B59+7)) -> 0 | K59: =SUMIFS(Log!$K$5:$K$1504,Log!$C$5:$C$1504,K$33,Log!$A$5:$A$1504,">="&$B59,Log!$A$5:$A$1504,"<"&($B59+7)) -> 0 | L59: =SUMIFS(Log!$K$5:$K$1504,Log!$C$5:$C$1504,L$33,Log!$A$5:$A$1504,">="&$B59,Log!$A$5:$A$1504,"<"&($B59+7)) -> 0 | M59: =SUMIFS(Log!$K$5:$K$1504,Log!$C$5:$C$1504,M$33,Log!$A$5:$A$1504,">="&$B59,Log!$A$5:$A$1504,"<"&($B59+7)) -> 0 | N59: =SUMIFS(Log!$K$5:$K$1504,Log!$C$5:$C$1504,N$33,Log!$A$5:$A$1504,">="&$B59,Log!$A$5:$A$1504,"<"&($B59+7)) -> 0 | O59: =SUMIFS(Log!$K$5:$K$1504,Log!$C$5:$C$1504,O$33,Log!$A$5:$A$1504,">="&$B59,Log!$A$5:$A$1504,"<"&($B59+7)) -> 0 | P59: =SUMIFS(Log!$K$5:$K$1504,Log!$C$5:$C$1504,P$33,Log!$A$5:$A$1504,">="&$B59,Log!$A$5:$A$1504,"<"&($B59+7)) -> 0 | Q59: =SUMIFS(Log!$K$5:$K$1504,Log!$C$5:$C$1504,Q$33,Log!$A$5:$A$1504,">="&$B59,Log!$A$5:$A$1504,"<"&($B59+7)) -> 0

Sheet Body
A1: Body metrics (weekly)
A2: Same day, same time each week (morning, before food). Waist at navel level, hips at the widest point.
A4: Date | B4: Weight (kg) | C4: Waist (cm) | D4: Hips (cm) | E4: Waist : hip ratio | F4: Weight change vs first (kg) | G4: Waist change vs first (cm) | H4: Posture notes (wall test / photo) | J4: Posture checks (monthly)
E5: =IF(OR(C5="",D5=""),"",ROUND(C5/D5,2)) | F5: =IF(OR(B5="",$B$5=""),"",B5-$B$5) | G5: =IF(OR(C5="",$C$5=""),"",C5-$C$5) | J5: Wall test: heels, hips, upper back and head touching the wall. Lower back gap bigger than a hand = pelvic tilt.
E6: =IF(OR(C6="",D6=""),"",ROUND(C6/D6,2)) | F6: =IF(OR(B6="",$B$5=""),"",B6-$B$5) | G6: =IF(OR(C6="",$C$5=""),"",C6-$C$5) | J6: Squat from the front: do the knees stay over the 2nd-3rd toe?
E7: =IF(OR(C7="",D7=""),"",ROUND(C7/D7,2)) | F7: =IF(OR(B7="",$B$5=""),"",B7-$B$5) | G7: =IF(OR(C7="",$C$5=""),"",C7-$C$5) | J7: Standing: are the feet pointing 10-15 degrees out, not 30+?
E8: =IF(OR(C8="",D8=""),"",ROUND(C8/D8,2)) | F8: =IF(OR(B8="",$B$5=""),"",B8-$B$5) | G8: =IF(OR(C8="",$C$5=""),"",C8-$C$5) | J8: Take a side photo in the same clothes and light each month.
E9: =IF(OR(C9="",D9=""),"",ROUND(C9/D9,2)) | F9: =IF(OR(B9="",$B$5=""),"",B9-$B$5) | G9: =IF(OR(C9="",$C$5=""),"",C9-$C$5)
E10: =IF(OR(C10="",D10=""),"",ROUND(C10/D10,2)) | F10: =IF(OR(B10="",$B$5=""),"",B10-$B$5) | G10: =IF(OR(C10="",$C$5=""),"",C10-$C$5)
E11: =IF(OR(C11="",D11=""),"",ROUND(C11/D11,2)) | F11: =IF(OR(B11="",$B$5=""),"",B11-$B$5) | G11: =IF(OR(C11="",$C$5=""),"",C11-$C$5)
E12: =IF(OR(C12="",D12=""),"",ROUND(C12/D12,2)) | F12: =IF(OR(B12="",$B$5=""),"",B12-$B$5) | G12: =IF(OR(C12="",$C$5=""),"",C12-$C$5)
E13: =IF(OR(C13="",D13=""),"",ROUND(C13/D13,2)) | F13: =IF(OR(B13="",$B$5=""),"",B13-$B$5) | G13: =IF(OR(C13="",$C$5=""),"",C13-$C$5)
E14: =IF(OR(C14="",D14=""),"",ROUND(C14/D14,2)) | F14: =IF(OR(B14="",$B$5=""),"",B14-$B$5) | G14: =IF(OR(C14="",$C$5=""),"",C14-$C$5)
E15: =IF(OR(C15="",D15=""),"",ROUND(C15/D15,2)) | F15: =IF(OR(B15="",$B$5=""),"",B15-$B$5) | G15: =IF(OR(C15="",$C$5=""),"",C15-$C$5)
E16: =IF(OR(C16="",D16=""),"",ROUND(C16/D16,2)) | F16: =IF(OR(B16="",$B$5=""),"",B16-$B$5) | G16: =IF(OR(C16="",$C$5=""),"",C16-$C$5)
E17: =IF(OR(C17="",D17=""),"",ROUND(C17/D17,2)) | F17: =IF(OR(B17="",$B$5=""),"",B17-$B$5) | G17: =IF(OR(C17="",$C$5=""),"",C17-$C$5)
E18: =IF(OR(C18="",D18=""),"",ROUND(C18/D18,2)) | F18: =IF(OR(B18="",$B$5=""),"",B18-$B$5) | G18: =IF(OR(C18="",$C$5=""),"",C18-$C$5)
E19: =IF(OR(C19="",D19=""),"",ROUND(C19/D19,2)) | F19: =IF(OR(B19="",$B$5=""),"",B19-$B$5) | G19: =IF(OR(C19="",$C$5=""),"",C19-$C$5)
E20: =IF(OR(C20="",D20=""),"",ROUND(C20/D20,2)) | F20: =IF(OR(B20="",$B$5=""),"",B20-$B$5) | G20: =IF(OR(C20="",$C$5=""),"",C20-$C$5)
... E30: =IF(OR(C30="",D30=""),"",ROUND(C30/D30,2)) | F30: =IF(OR(B30="",$B$5=""),"",B30-$B$5) | G30: =IF(OR(C30="",$C$5=""),"",C30-$C$5)

Sheet Lists
A1: Exercise | B1: Unit | C1: Level-up target (per set) | E1: Targets in column C are my suggested defaults (blue). Edit them freely. Blank = no level-up check for that exercise.
A2: Push-up (any variation) | B2: reps | C2: 15
A3: Pike push-up | B3: reps | C3: 10
A4: Bench / chair dips | B4: reps | C4: 12
A5: Scapular push-up | B5: reps
A6: Plank (posterior tilt) | B6: sec | C6: 60
A7: Hollow hold | B7: sec | C7: 30
A8: Squat (any variation) | B8: reps | C8: 15
A9: Reverse lunge | B9: reps / side | C9: 12
A10: Side-lying leg raise | B10: reps / side | C10: 20
A11: Lateral walk (band or bodyweight) | B11: steps / side
A12: Calf raise | B12: reps | C12: 20
A13: Bird dog | B13: reps / side | C13: 12
A14: Pull progression (any variation) | B14: reps | C14: 8
A15: Inverted / table row | B15: reps | C15: 12
A16: Dead hang | B16: sec | C16: 40
A17: Prone Y-T-W raises | B17: reps
A18: Hanging / lying knee raise | B18: reps | C18: 12
A19: Side plank | B19: sec / side | C19: 40
A20: Single-leg glute bridge | B20: reps / side | C20: 15
A21: Single-leg Romanian deadlift | B21: reps / side | C21: 12
A22: Cossack squat | B22: reps / side | C22: 10
A23: Copenhagen plank (short lever) | B23: sec / side | C23: 30
A24: Deep squat hold | B24: sec | C24: 60
A25: Adductor rock-back | B25: reps / side
A26: Sprawl | B26: reps
A27: Bear crawl | B27: sec
A28: Shadowboxing (3 min rounds) | B28: rounds
